Group,Sample_Size,Log_Salary_Mean,Log_Salary_Std,Original_Salary_Mean
With AI Skill (AI_Skill=1),10127,11.518399894321867,0.4809918283877036,100548.9441421672
Without AI Skill (AI_Skill=0),4670,11.509558419397017,0.47654501004251154,99663.86165680559
