Group,Sample_Size,Log_Salary_Mean,Log_Salary_Std,Original_Salary_Mean
With AI Skill (AI_Skill=1),9356,11.532016558869776,0.4954534095332262,101927.4494076891
Without AI Skill (AI_Skill=0),5644,11.530933172397082,0.4958945072613078,101817.08238367016
